<list>
	<advice>Zawsze zwracaj uwagę na etykiety i skład produktów które kupujesz - zdrowsze, mniej przetworzone produkty mają krótszy skład.</advice>
	<advice>Pamiętaj o 5 porcjach warzyw i owoców dziennie - jedna porcja to 80-100 gram.</advice>
	<advice>Urozmaicaj swoją dietę warzywami i owocami o różnych kolorach - każdy z nich ma swoje szczególne właściwości.</advice>
	<advice>Masz ochotę na coś przegryźć? Zastąp chipsy i słodycze zdrowymi przekąskami jak świeże lub suszone owoce, orzechy, warzywa z dipem.</advice>
	<advice>Zamiast tłustych potraw smażonych wybieraj dania gotowane na parze lub w wodzie.</advice>
	<advice>Unikaj produktów z konserwantami i sztucznymi barmnikami w składzie - mogą one wywoływać reakcje alergiczne.</advice>
</list>